Website,Product Name,Price,Discount,Rating,Product URL,Image URL
Jumia,Huawei Watch GT3 Pro Smart Watch 46mm 22mm Silicone Leather Replacement Strap Watchband - Camel Silver Buckle,EGP 180.00,40%,3.9 out of 5,https://www.jumia.com.eg/generic-huawei-watch-gt3-pro-smart-watch-46mm-22mm-silicone-leather-replacement-strap-watchband-camel-silver-buckle-34082009.html,https://eg.jumia.is/unsafe/fit-in/300x300/filters:fill(white)/product/90/028043/1.jpg?2084
Jumia,Metal Stainless Steel Strap 22mm Strap For Smart Watch Amazfit Pop 3R - Band Bracelet - Black,EGP 180.00,40%,5 out of 5,https://www.jumia.com.eg/generic-metal-stainless-steel-strap-22mm-strap-for-smart-watch-amazfit-pop-3r-band-bracelet-black-117975497.html,https://eg.jumia.is/unsafe/fit-in/300x300/filters:fill(white)/product/79/4579711/1.jpg?6890
Jumia,22mm Silicone Strap With Magnetic Folding Buckle For Xiaomi Watch S1/S1 Active/Mi Watch - Black,EGP 140.00,53%,4.8 out of 5,https://www.jumia.com.eg/generic-22mm-silicone-strap-with-magnetic-folding-buckle-for-xiaomi-watch-s1s1-activemi-watch-black-45946032.html,https://eg.jumia.is/unsafe/fit-in/300x300/filters:fill(white)/product/23/064954/1.jpg?3984
Jumia,Silicone Watch Band Compatible With Xiaomi Redmi Watch 3 Active / Xiaomi Mi Watch 3 Active Sport Silicone Wrist Strap (Black),EGP 135.00,21%,4.8 out of 5,https://www.jumia.com.eg/generic-silicone-watch-band-compatible-with-xiaomi-redmi-watch-3-active-xiaomi-mi-watch-3-active-sport-silicone-wrist-strap-black-52108981.html,https://eg.jumia.is/unsafe/fit-in/300x300/filters:fill(white)/product/18/980125/1.jpg?0359
Jumia,Magnetic Charging Cable For Amafit Pop 3S Smart Watch Black,EGP 160.00,20%,No Rating Found,https://www.jumia.com.eg/generic-magnetic-charging-cable-for-amafit-pop-3s-smart-watch-black-116109493.html,https://eg.jumia.is/unsafe/fit-in/300x300/filters:fill(white)/product/39/4901611/1.jpg?8364
Jumia,Huawei Band 6 Smart Watch Soft Silicone Sport Band Breathable Band For Honor Band 6 By Tentech – Pink,EGP 98.00,39%,4 out of 5,https://www.jumia.com.eg/generic-huawei-band-6-smart-watch-soft-silicone-sport-band-breathable-band-for-honor-band-6-by-tentech-pink-101208863.html,https://eg.jumia.is/unsafe/fit-in/300x300/filters:fill(white)/product/36/8802101/1.jpg?1815
Jumia,22mm Leather Watch Strap Compatible With Huawei Gt3 46 - Gt3 Pro 46 Replacement Strap Brown,EGP 220.00,45%,5 out of 5,https://www.jumia.com.eg/generic-22mm-leather-watch-strap-compatible-with-huawei-gt3-46-gt3-pro-46-replacement-strap-brown-92567861.html,https://eg.jumia.is/unsafe/fit-in/300x300/filters:fill(white)/product/16/876529/1.jpg?7347
Jumia,Sport Silicone Strap For Huawei Watch Fit 3 (2024) Bracelet Ivory,EGP 135.00,33%,4.4 out of 5,https://www.jumia.com.eg/generic-sport-silicone-strap-for-huawei-watch-fit-3-2024-bracelet-ivory-107796765.html,https://eg.jumia.is/unsafe/fit-in/300x300/filters:fill(white)/product/56/7697701/1.jpg?6369
Jumia,Metal Stainless Steel Strap 22mm Strap For Huawei GT5 46mm 2024 Band Bracelet - Silver,EGP 180.00,40%,4.7 out of 5,https://www.jumia.com.eg/generic-metal-stainless-steel-strap-22mm-strap-for-huawei-gt5-46mm-2024-band-bracelet-silver-117975493.html,https://eg.jumia.is/unsafe/fit-in/300x300/filters:fill(white)/product/39/4579711/1.jpg?6890
Jumia,Silicon Strap For Smat Watche - Compatible With Apple & Similars - 42 Mm To 49 Mm,EGP 119.00,52%,5 out of 5,https://www.jumia.com.eg/generic-silicon-strap-for-smat-watche-compatible-with-apple-similars-42-mm-to-49-mm-123456571.html,https://eg.jumia.is/unsafe/fit-in/300x300/filters:fill(white)/product/17/5654321/1.jpg?4729
Jumia,Replacement Stainless Steel Strap 22mm For Huawei Watch GT2 46Mmm Smart Watch - Black,EGP 130.00,No Discount,4.3 out of 5,https://www.jumia.com.eg/replacement-stainless-steel-strap-22mm-for-huawei-watch-gt2-46mmm-smart-watch-black-generic-mpg747380.html,https://eg.jumia.is/unsafe/fit-in/300x300/filters:fill(white)/product/86/193252/1.jpg?0786
Jumia,Metal Stainless Steel Strap 22mm Strap For Huawei GT5 46mm 2024 Band Bracelet - Black,EGP 180.00,40%,5 out of 5,https://www.jumia.com.eg/generic-metal-stainless-steel-strap-22mm-strap-for-huawei-gt5-46mm-2024-band-bracelet-black-117975516.html,https://eg.jumia.is/unsafe/fit-in/300x300/filters:fill(white)/product/61/5579711/1.jpg?6887
Jumia,"Tentech Soft Silicone Sports Band Compatible With Xiaomi Redmi Watch 2 Lite/ Mi Watch Lite/ Poco Watch/ Redmi Watch 2/ Horloge 2, Adjustable Soft Silicone Wristband With Frame - Black",EGP 125.00,37%,4 out of 5,https://www.jumia.com.eg/generic-tentech-soft-silicone-sports-band-compatible-with-xiaomi-redmi-watch-2-lite-mi-watch-lite-poco-watch-redmi-watch-2-horloge-2-adjustable-soft-silicone-wristband-with-frame-black-106298063.html,https://eg.jumia.is/unsafe/fit-in/300x300/filters:fill(white)/product/36/0892601/1.jpg?3504
Jumia,Xiaomi Mi Watch 2 Lite Soft Silicone Replacement Strap With Amazing Design - Black,EGP 120.00,40%,4.4 out of 5,https://www.jumia.com.eg/generic-xiaomi-mi-watch-2-lite-soft-silicone-replacement-strap-with-amazing-design-black-67771471.html,https://eg.jumia.is/unsafe/fit-in/300x300/filters:fill(white)/product/17/417776/1.jpg?7167
Jumia,"Wristband Strap For Redmi Watch 2 Lite, Black",EGP 130.00,13%,4.2 out of 5,https://www.jumia.com.eg/generic-wristband-strap-for-redmi-watch-2-lite-black-29158077.html,https://eg.jumia.is/unsafe/fit-in/300x300/filters:fill(white)/product/77/085192/1.jpg?0666
Jumia,For Xiaomi Mi Band 6 Solid Color Silicone Replacement Strap Watchband(Black),EGP 110.00,21%,4.5 out of 5,https://www.jumia.com.eg/for-xiaomi-mi-band-6-solid-color-silicone-replacement-strap-watchbandblack-generic-mpg3818801.html,https://eg.jumia.is/unsafe/fit-in/300x300/filters:fill(white)/product/00/625072/1.jpg?0601
Jumia,"Link Pin Remover, Watch Pin Removal Tool,Watch Band Strap Adjuster,Watch Tool Kit Link Remover, Repair Tool For Watch Band Replacement And Resizing, Adjustable Repair Tool Ki",EGP 125.00,43%,4 out of 5,https://www.jumia.com.eg/generic-link-pin-remover-watch-pin-removal-toolwatch-band-strap-adjusterwatch-tool-kit-link-remover-repair-tool-for-watch-band-replacement-and-resizing-adjustable-repair-tool-ki-61167547.html,https://eg.jumia.is/unsafe/fit-in/300x300/filters:fill(white)/product/74/576116/1.jpg?0597
Jumia,TenTech Soft Silicone Sports Band For Xiaomi Watch 2 Lite / Redmi 2 Lite / Poco / Redmi 2 / Horloge 2 Smart Watch - Black,EGP 110.00,39%,4.1 out of 5,https://www.jumia.com.eg/generic-tentech-soft-silicone-sports-band-for-xiaomi-watch-2-lite-redmi-2-lite-poco-redmi-2-horloge-2-smart-watch-black-59763483.html,https://eg.jumia.is/unsafe/fit-in/300x300/filters:fill(white)/product/38/436795/1.jpg?9925
Jumia,22mm Silicone Leather Replacement Strap Watchband For Huawei Watch GT4 Pro/GT4 46mm/GT Runner/Watch 4 Pro/Watch 4 Wristband Strap Replacement Bracelet For Huawei GT 3 46mm/GT 2 Pro - Camel Silver Buckle,EGP 190.00,37%,4.4 out of 5,https://www.jumia.com.eg/generic-22mm-silicone-leather-replacement-strap-watchband-for-huawei-watch-gt4-progt4-46mmgt-runnerwatch-4-prowatch-4-wristband-strap-replacement-bracelet-for-huawei-gt-3-46mmgt-2-pro-camel-silver-buckle-59831296.html,https://eg.jumia.is/unsafe/fit-in/300x300/filters:fill(white)/product/69/213895/1.jpg?7897
Jumia,"Metal Stainless Steel Strap 22mm Strap Compatible With Xiaomi Redmi Watch 5 Active/Redmi Watch 5 Lite, 22mm For - Smart Watch Band Bracelet - Silver",EGP 180.00,40%,5 out of 5,https://www.jumia.com.eg/generic-metal-stainless-steel-strap-22mm-strap-compatible-with-xiaomi-redmi-watch-5-activeredmi-watch-5-lite-22mm-for-smart-watch-band-bracelet-silver-131625362.html,https://eg.jumia.is/unsafe/fit-in/300x300/filters:fill(white)/product/26/3526131/1.jpg?6703
Jumia,"Soft Silicone Replacement Strap for Xiaomi Redmi Watch 3 Lite and Redmi Watch 3 Active -Go Shopping – Classic, Breathable & Adjustable Sports Band – Black",EGP 120.00,40%,No Rating Found,https://www.jumia.com.eg/generic-soft-silicone-replacement-strap-for-xiaomi-redmi-watch-3-lite-and-redmi-watch-3-active-go-shopping-classic-breathable-adjustable-sports-band-black-133045970.html,https://eg.jumia.is/unsafe/fit-in/300x300/filters:fill(white)/product/07/9540331/1.jpg?9429
Jumia,Sport Silicone Strap For Huawei Watch Fit 3 (2024) Bracelet Pink,EGP 125.00,38%,4.9 out of 5,https://www.jumia.com.eg/generic-sport-silicone-strap-for-huawei-watch-fit-3-2024-bracelet-pink-107796777.html,https://eg.jumia.is/unsafe/fit-in/300x300/filters:fill(white)/product/77/7697701/1.jpg?6379
Jumia,22mm Silicone Strap With Magnetic Folding Buckle For Smart Watch Amazfit Pop 3R - Black,EGP 155.00,48%,No Rating Found,https://www.jumia.com.eg/generic-22mm-silicone-strap-with-magnetic-folding-buckle-for-smart-watch-amazfit-pop-3r-black-114592581.html,https://eg.jumia.is/unsafe/fit-in/300x300/filters:fill(white)/product/18/5295411/1.jpg?3969
Jumia,Huawei Watch GT3 46mm - 2022 - 22mm Silicone Leather Replacement Strap Watchband Black,EGP 185.00,38%,4.5 out of 5,https://www.jumia.com.eg/generic-huawei-watch-gt3-46mm-2022-22mm-silicone-leather-replacement-strap-watchband-black-37092237.html,https://eg.jumia.is/unsafe/fit-in/300x300/filters:fill(white)/product/73/229073/1.jpg?7825
Jumia,"Trail Loop Band Compatible With Apple Watch Ultra 49/45/44/42mm, Nylon Sport Replacement Strap Compatible With IWatch Series 8/7/6/5/4/3/2/1 / SE Gray Black",EGP 139.00,60%,1 out of 5,https://www.jumia.com.eg/generic-trail-loop-band-compatible-with-apple-watch-ultra-49454442mm-nylon-sport-replacement-strap-compatible-with-iwatch-series-87654321-se-gray-black-120597357.html,https://eg.jumia.is/unsafe/fit-in/300x300/filters:fill(white)/product/75/3795021/1.jpg?5181
Jumia,Tentech Strap Silicone Band For Xiaomi Mi Band 7/6 / 5 Breathable Strap Replacement For M5 M6 M7 Bracelet For Xiaomi MiBand 7 6 5 Smart Watch - Dark Blue,EGP 82.00,25%,4.2 out of 5,https://www.jumia.com.eg/generic-tentech-strap-silicone-band-for-xiaomi-mi-band-76-5-breathable-strap-replacement-for-m5-m6-m7-bracelet-for-xiaomi-miband-7-6-5-smart-watch-dark-blue-59754735.html,https://eg.jumia.is/unsafe/fit-in/300x300/filters:fill(white)/product/53/745795/1.jpg?0344
Jumia,"TenTech Smart Watch Strap For Xiaomi Redmi Band 2, Silicone Sport Band, Replacement Wristband, Xiaomi Redmi Smart Band 2 Watch Accessories – White",EGP 110.00,21%,3.3 out of 5,https://www.jumia.com.eg/generic-tentech-smart-watch-strap-for-xiaomi-redmi-band-2-silicone-sport-band-replacement-wristband-xiaomi-redmi-smart-band-2-watch-accessories-white-58890638.html,https://eg.jumia.is/unsafe/fit-in/300x300/filters:fill(white)/product/83/609885/1.jpg?6689
Jumia,Silicone Hole Wavy Strap For Apple Watch Series 8 Ultra 49mm - White,EGP 40.00,73%,4.2 out of 5,https://www.jumia.com.eg/generic-silicone-hole-wavy-strap-for-apple-watch-series-8-ultra-49mm-white-45385713.html,https://eg.jumia.is/unsafe/fit-in/300x300/filters:fill(white)/product/31/758354/1.jpg?4020
Jumia,Sport Silicone Strap For Huawei Watch Fit 3 (2024) Bracelet Blue,EGP 135.00,33%,5 out of 5,https://www.jumia.com.eg/generic-sport-silicone-strap-for-huawei-watch-fit-3-2024-bracelet-blue-107796771.html,https://eg.jumia.is/unsafe/fit-in/300x300/filters:fill(white)/product/17/7697701/1.jpg?6375
Jumia,Silicone Sport Smart Watch Band Replacement Strap For Huawei Band 8 (Black),EGP 135.00,33%,4 out of 5,https://www.jumia.com.eg/generic-silicone-sport-smart-watch-band-replacement-strap-for-huawei-band-8-black-48111520.html,https://eg.jumia.is/unsafe/fit-in/300x300/filters:fill(white)/product/02/511184/1.jpg?2826
Jumia,Silicone Band Strap For Xiaomi Mi Watch Lite / For Redmi Watch Strap SmartBand Sport WristBand Bracelet Replacement Belt ( Black),EGP 110.00,50%,4.1 out of 5,https://www.jumia.com.eg/generic-silicone-band-strap-for-xiaomi-mi-watch-lite-for-redmi-watch-strap-smartband-sport-wristband-bracelet-replacement-belt-black-67272987.html,https://eg.jumia.is/unsafe/fit-in/300x300/filters:fill(white)/product/78/927276/1.jpg?1058
Jumia,For Samsung Galaxy Fit 2 Wrist Strap Watchband(Dark Blue),EGP 110.00,8%,4.8 out of 5,https://www.jumia.com.eg/for-samsung-galaxy-fit-2-wrist-strap-watchbanddark-blue-generic-mpg3844082.html,https://eg.jumia.is/unsafe/fit-in/300x300/filters:fill(white)/product/41/135072/1.jpg?0716
Jumia,22mm Silicone Leather Replacement Strap Watchband For Samsung Gear S3 Watchs Frontier/Classic 46mm - Camel Silver Buckle,EGP 180.00,40%,4 out of 5,https://www.jumia.com.eg/generic-22mm-silicone-leather-replacement-strap-watchband-for-samsung-gear-s3-watchs-frontierclassic-46mm-camel-silver-buckle-25952352.html,https://eg.jumia.is/unsafe/fit-in/300x300/filters:fill(white)/product/25/325952/1.jpg?2025
Jumia,"22mm Leather Silicon Strap Compatible With 22 Mm Strap For Compatible With Xiaomi Redmi Watch 5 Active/Redmi Watch 5 Lite, - (Only Strap) Smart Band Bracelet Straps... Camel Silver Buckle",EGP 190.00,36%,No Rating Found,https://www.jumia.com.eg/generic-22mm-leather-silicon-strap-compatible-with-22-mm-strap-for-compatible-with-xiaomi-redmi-watch-5-activeredmi-watch-5-lite-only-strap-smart-band-bracelet-straps...-camel-silver-buckle-131951397.html,https://eg.jumia.is/unsafe/fit-in/300x300/filters:fill(white)/product/79/3159131/1.jpg?8584
Jumia,Silicone Hole Wavy Strap For Apple Watch Series 8 Ultra 49mm - Blue,EGP 40.00,76%,4.3 out of 5,https://www.jumia.com.eg/generic-silicone-hole-wavy-strap-for-apple-watch-series-8-ultra-49mm-blue-47828262.html,https://eg.jumia.is/unsafe/fit-in/300x300/filters:fill(white)/product/26/282874/1.jpg?4401
Jumia,From MHM Store 22mm Stainless Steel Bracelet Watch Band For HUAWEI WATCH Ultimate Strap Sport - Silver Black,EGP 210.00,30%,No Rating Found,https://www.jumia.com.eg/generic-from-mhm-store-22mm-stainless-steel-bracelet-watch-band-for-huawei-watch-ultimate-strap-sport-silver-black-60051381.html,https://eg.jumia.is/unsafe/fit-in/300x300/filters:fill(white)/product/18/315006/1.jpg?9425
Jumia,TenTech Soft Silicone Sports Band For Xiaomi Mi Watch Lite / Redmi Watch Smart Watch Breathable Band For Xiaomi Mi Watch Lite - Beige,EGP 110.00,39%,1 out of 5,https://www.jumia.com.eg/generic-tentech-soft-silicone-sports-band-for-xiaomi-mi-watch-lite-redmi-watch-smart-watch-breathable-band-for-xiaomi-mi-watch-lite-beige-59763770.html,https://eg.jumia.is/unsafe/fit-in/300x300/filters:fill(white)/product/07/736795/1.jpg?0269
Jumia,"Tin Tech With Apple Watch Series Ultra/Ultra 2 Band 49mm 45mm 44mm 42mm, Nylon Sports Trail Loop Band For Apple Watch Ultra/SE 1/2/3/4/5/6/7/ 8, – Yellow / Beige",EGP 125.00,54%,1 out of 5,https://www.jumia.com.eg/generic-tin-tech-with-apple-watch-series-ultraultra-2-band-49mm-45mm-44mm-42mm-nylon-sports-trail-loop-band-for-apple-watch-ultrase-1234567-8-yellow-beige-53512966.html,https://eg.jumia.is/unsafe/fit-in/300x300/filters:fill(white)/product/66/921535/1.jpg?2693
Jumia,TenTech Soft Silicone Sports Band For Xiaomi Mi Watch Lite / Redmi Watch Smart Watch Breathable Band For Xiaomi Mi Watch Lite - Black,EGP 110.00,39%,5 out of 5,https://www.jumia.com.eg/generic-tentech-soft-silicone-sports-band-for-xiaomi-mi-watch-lite-redmi-watch-smart-watch-breathable-band-for-xiaomi-mi-watch-lite-black-59763768.html,https://eg.jumia.is/unsafe/fit-in/300x300/filters:fill(white)/product/86/736795/1.jpg?0269
Jumia,"Durable 22mm Band For Samsung Galaxy Watch 3 45-46mm / Gear 3, Nylon Sport Band For Huawei Watch GT3 46mm / GT2E / GT4 46mm / GT2 Pro / GT2 46mm / GTR3 / GTR4 Pro, Alpine Loop Sports Band Ten Tech Knitted Fabric - Black & Grey",EGP 134.00,26%,3.3 out of 5,https://www.jumia.com.eg/generic-durable-22mm-band-for-samsung-galaxy-watch-3-45-46mm-gear-3-nylon-sport-band-for-huawei-watch-gt3-46mm-gt2e-gt4-46mm-gt2-pro-gt2-46mm-gtr3-gtr4-pro-alpine-loop-sports-band-ten-tech-knitted-fabric-black-grey-57196319.html,https://eg.jumia.is/unsafe/fit-in/300x300/filters:fill(white)/product/91/369175/1.jpg?5436
Jumia,General Serpenti Tubogas Ladies Watch 102098,"EGP 2,205.00",21%,No Rating Found,https://www.jumia.com.eg/general-serpenti-tubogas-ladies-watch-102098-133548326.html,https://eg.jumia.is/unsafe/fit-in/300x300/filters:fill(white)/product/62/3845331/1.jpg?0525
Jumia,"Smart Watch Ultra, Large Infiite Display, Wireless Charging, Supports Multiple Sports Modes, Compatible With IPhone And Android Phones, Silicone Band (Black)",EGP 549.00,63%,No Rating Found,https://www.jumia.com.eg/generic-smart-watch-ultra-large-infiite-display-wireless-charging-supports-multiple-sports-modes-compatible-with-iphone-and-android-phones-silicone-band-black-53263952.html,https://eg.jumia.is/unsafe/fit-in/300x300/filters:fill(white)/product/25/936235/1.jpg?4541
Jumia,Silicon Strap For Smat Watche - Compatible With Apple & Similars - 42 Mm To 49 Mm,EGP 119.00,52%,No Rating Found,https://www.jumia.com.eg/generic-silicon-strap-for-smat-watche-compatible-with-apple-similars-42-mm-to-49-mm-123456571.html,https://eg.jumia.is/unsafe/fit-in/300x300/filters:fill(white)/product/17/5654321/1.jpg?4729
Jumia,22mm Silicone Strap With Magnetic Folding Buckle For Xiaomi Watch S1/S1 Active/Mi Watch - Blue,EGP 135.00,55%,No Rating Found,https://www.jumia.com.eg/generic-22mm-silicone-strap-with-magnetic-folding-buckle-for-xiaomi-watch-s1s1-activemi-watch-blue-45945508.html,https://eg.jumia.is/unsafe/fit-in/300x300/filters:fill(white)/product/80/554954/1.jpg?8235
Jumia,Redmi Watch 5 Active Anti-Scratch HD Clear Soft Glass Film Screen Protector,EGP 99.00,No Discount,5 out of 5,https://www.jumia.com.eg/generic-redmi-watch-5-active-anti-scratch-hd-clear-soft-glass-film-screen-protector-130699037.html,https://eg.jumia.is/unsafe/fit-in/300x300/filters:fill(white)/product/73/0996031/1.jpg?3978
Jumia,"Soft Silicone Wriest Rubber Band Watch Strap Compatible With 22 Mm Strap For Compatible With Xiaomi Redmi Watch 5 Active/Redmi Watch 5 Lite, 22mm For - Smart Watch - - (Only Strap) Blue",EGP 130.00,13%,5 out of 5,https://www.jumia.com.eg/generic-soft-silicone-wriest-rubber-band-watch-strap-compatible-with-22-mm-strap-for-compatible-with-xiaomi-redmi-watch-5-activeredmi-watch-5-lite-22mm-for-smart-watch-only-strap-blue-131913370.html,https://eg.jumia.is/unsafe/fit-in/300x300/filters:fill(white)/product/07/3319131/1.jpg?6988
Jumia,Spigen Apple 45/49mm Quality Sports Nylon Trail Loop Velcro Strap,EGP 145.00,52%,5 out of 5,https://www.jumia.com.eg/spigen-apple-4549mm-quality-sports-nylon-trail-loop-velcro-strap-39169122.html,https://eg.jumia.is/unsafe/fit-in/300x300/filters:fill(white)/product/22/196193/1.jpg?3529
Jumia,For Huawei Watch GT2 Pro 46mm -22mm Silicone Watch Band With Braided Style And Nylon Composite Blue,EGP 180.00,60%,5 out of 5,https://www.jumia.com.eg/generic-for-huawei-watch-gt2-pro-46mm-22mm-silicone-watch-band-with-braided-style-and-nylon-composite-blue-108593404.html,https://eg.jumia.is/unsafe/fit-in/300x300/filters:fill(white)/product/40/4395801/1.jpg?3789
Jumia,"Soft Silicone Wriest Rubber Band Watch Strap Compatible With 22 Mm Strap For Compatible With Xiaomi Redmi Watch 5 Active/Redmi Watch 5 Lite, 22mm For - Smart Watch - - (Only Strap) White",EGP 135.00,10%,No Rating Found,https://www.jumia.com.eg/generic-soft-silicone-wriest-rubber-band-watch-strap-compatible-with-22-mm-strap-for-compatible-with-xiaomi-redmi-watch-5-activeredmi-watch-5-lite-22mm-for-smart-watch-only-strap-white-131913413.html,https://eg.jumia.is/unsafe/fit-in/300x300/filters:fill(white)/product/31/4319131/1.jpg?6988
Jumia,Tentech Smart Watch Band For Xiaomi Mi Band 3/4 Silicone Sport Strap Breathable Replacement Wristbands For Xiaomi Mi Band M3/M4 Watch Accessories - Black & White,EGP 75.00,32%,5 out of 5,https://www.jumia.com.eg/generic-tentech-smart-watch-band-for-xiaomi-mi-band-34-silicone-sport-strap-breathable-replacement-wristbands-for-xiaomi-mi-band-m3m4-watch-accessories-black-white-59833508.html,https://eg.jumia.is/unsafe/fit-in/300x300/filters:fill(white)/product/80/533895/1.jpg?3246
Jumia,"Silcon Sport Band Compatible With Honor Band 8/9, Adjustable Sport Strap Black",EGP 140.00,7%,No Rating Found,https://www.jumia.com.eg/generic-silcon-sport-band-compatible-with-honor-band-89-adjustable-sport-strap-black-131670043.html,https://eg.jumia.is/unsafe/fit-in/300x300/filters:fill(white)/product/34/0076131/1.jpg?9732
Jumia,Redmi Watch 3 Active Anti-Scratch HD Clear Soft Glass Film Screen Protector,EGP 79.00,20%,3.7 out of 5,https://www.jumia.com.eg/generic-redmi-watch-3-active-anti-scratch-hd-clear-soft-glass-film-screen-protector-106812401.html,https://eg.jumia.is/unsafe/fit-in/300x300/filters:fill(white)/product/10/4218601/1.jpg?6871
Jumia,"3-PACK Strap Compatible With Huawei Watch 3/3 Pro/GT2 Pro/GT2e/GT/GT2 46mm/Galaxy Watch 3 45mm/Galaxy Watch 46mm/Gear S3 Frontier, 22mm Silicone Replacement Watch Band, Black/White/Midnight Blue",EGP 320.00,No Discount,4.1 out of 5,https://www.jumia.com.eg/generic-3-pack-strap-compatible-with-huawei-watch-33-progt2-progt2egtgt2-46mmgalaxy-watch-3-45mmgalaxy-watch-46mmgear-s3-frontier-22mm-silicone-replacement-watch-band-blackwhitemidnight-blue-28104950.html,https://eg.jumia.is/unsafe/fit-in/300x300/filters:fill(white)/product/05/940182/1.jpg?6763
Jumia,Huawei Band 6 Smart Watch Soft Silicone Sport Band Breathable Band For Honor Band 6 By Tentech – Purple,EGP 125.00,22%,5 out of 5,https://www.jumia.com.eg/generic-huawei-band-6-smart-watch-soft-silicone-sport-band-breathable-band-for-honor-band-6-by-tentech-purple-101208854.html,https://eg.jumia.is/unsafe/fit-in/300x300/filters:fill(white)/product/45/8802101/1.jpg?1814
Jumia,"22mm For Honor Magic 46mm Smart Watch Nylon Braided Silicone Composite Watch Strap, Green",EGP 180.00,60%,4 out of 5,https://www.jumia.com.eg/generic-22mm-for-honor-magic-46mm-smart-watch-nylon-braided-silicone-composite-watch-strap-green-108592528.html,https://eg.jumia.is/unsafe/fit-in/300x300/filters:fill(white)/product/82/5295801/1.jpg?3641
Jumia,"Silicone Band 20mm, Waterproof Soft Silicone Sport Band For Samsung Gear Sport/Samsung Watch 4/5/5 Pro/S2 Classic/Active 2 44/40mm/Amazfit GTS4/GTS3, By TenTech - Black",EGP 89.00,32%,No Rating Found,https://www.jumia.com.eg/generic-silicone-band-20mm-waterproof-soft-silicone-sport-band-for-samsung-gear-sportsamsung-watch-455-pros2-classicactive-2-4440mmamazfit-gts4gts3-by-tentech-black-56661582.html,https://eg.jumia.is/unsafe/fit-in/300x300/filters:fill(white)/product/28/516665/1.jpg?7983
Jumia,Watch Strap - Fabric - Size 42-44 - 45-49,EGP 99.00,34%,3.5 out of 5,https://www.jumia.com.eg/generic-watch-strap-fabric-size-42-44-45-49-130173541.html,https://eg.jumia.is/unsafe/fit-in/300x300/filters:fill(white)/product/14/5371031/1.jpg?0745
Jumia,Silicone Strap For Apple Watch 5/4 - 38mm/40mm - Black,EGP 105.00,48%,4.7 out of 5,https://www.jumia.com.eg/silicone-strap-for-apple-watch-54-38mm40mm-black-generic-mpg779824.html,https://eg.jumia.is/unsafe/fit-in/300x300/filters:fill(white)/product/46/090632/1.jpg?2183
Jumia,Sport Band Silicone Strap For Xiaomi Redmi Watch 3 Active Rubber Wrist Bracelet Pieg Off White,EGP 145.00,28%,3.4 out of 5,https://www.jumia.com.eg/generic-sport-band-silicone-strap-for-xiaomi-redmi-watch-3-active-rubber-wrist-bracelet-pieg-off-white-50776862.html,https://eg.jumia.is/unsafe/fit-in/300x300/filters:fill(white)/product/26/867705/1.jpg?2234
Jumia,"Soft Silicone Sport Band For Huawei Fit 2 Breathable, Ultra Soft Waterproof Durable Adjustable Wristband By Tentech – Beige",EGP 140.00,22%,2.8 out of 5,https://www.jumia.com.eg/generic-soft-silicone-sport-band-for-huawei-fit-2-breathable-ultra-soft-waterproof-durable-adjustable-wristband-by-tentech-beige-105694370.html,https://eg.jumia.is/unsafe/fit-in/300x300/filters:fill(white)/product/07/3496501/1.jpg?2545
Jumia,Sport Silicone Strap For Huawei Watch Fit 3 (2024) Bracelet,EGP 135.00,33%,4.2 out of 5,https://www.jumia.com.eg/generic-sport-silicone-strap-for-huawei-watch-fit-3-2024-bracelet-107796757.html,https://eg.jumia.is/unsafe/fit-in/300x300/filters:fill(white)/product/75/7697701/1.jpg?6363
Jumia,Silicone Strap For (Huawei Fit 2) Black,EGP 125.00,38%,4.4 out of 5,https://www.jumia.com.eg/generic-silicone-strap-for-huawei-fit-2-black-97792764.html,https://eg.jumia.is/unsafe/fit-in/300x300/filters:fill(white)/product/46/729779/1.jpg?2119
Jumia,Huawei GT3 / GT2 / GT2 Pro / GT3 Pro - 46mm Silicone Leather Replacement Strap Watchband 22mm - Camel Silver Buckle,EGP 180.00,40%,4.7 out of 5,https://www.jumia.com.eg/generic-huawei-gt3-gt2-gt2-pro-gt3-pro-46mm-silicone-leather-replacement-strap-watchband-22mm-camel-silver-buckle-34446907.html,https://eg.jumia.is/unsafe/fit-in/300x300/filters:fill(white)/product/70/964443/1.jpg?2084
Jumia,20mm Stretch Nylon Metal Alpine Loop Woven Strap For Honor Magic Watch 42 MM With Titanium G Hook Black,EGP 170.00,43%,No Rating Found,https://www.jumia.com.eg/generic-20mm-stretch-nylon-metal-alpine-loop-woven-strap-for-honor-magic-watch-42-mm-with-titanium-g-hook-black-40529851.html,https://eg.jumia.is/unsafe/fit-in/300x300/filters:fill(white)/product/15/892504/1.jpg?3686
Jumia,Tentech Strap Silicone Band For Xiaomi Mi Band 7/6 / 5 Breathable Strap Replacement For M5 M6 M7 Bracelet For Xiaomi MiBand 7 6 5 Smart Watch - Dark Blue,EGP 82.00,25%,4.3 out of 5,https://www.jumia.com.eg/generic-tentech-strap-silicone-band-for-xiaomi-mi-band-76-5-breathable-strap-replacement-for-m5-m6-m7-bracelet-for-xiaomi-miband-7-6-5-smart-watch-dark-blue-59754736.html,https://eg.jumia.is/unsafe/fit-in/300x300/filters:fill(white)/product/63/745795/1.jpg?0348
Jumia,Stainless Steel Watch Band For Apple Watch Series 9 - 45mm - Black,EGP 175.00,42%,No Rating Found,https://www.jumia.com.eg/generic-stainless-steel-watch-band-for-apple-watch-series-9-45mm-black-118400112.html,https://eg.jumia.is/unsafe/fit-in/300x300/filters:fill(white)/product/21/1004811/1.jpg?3076
Jumia,Silicone Watch Band Compatible With Xiaomi Redmi Watch 3 Active / Xiaomi Mi Watch 3 Active Sport Silicone Wrist Strap (Blue),EGP 130.00,24%,5 out of 5,https://www.jumia.com.eg/generic-silicone-watch-band-compatible-with-xiaomi-redmi-watch-3-active-xiaomi-mi-watch-3-active-sport-silicone-wrist-strap-blue-106315126.html,https://eg.jumia.is/unsafe/fit-in/300x300/filters:fill(white)/product/62/1513601/1.jpg?0274
Jumia,Redmi Watch 3 Active Strap High Quality Silicone Material Black,EGP 130.00,35%,3.9 out of 5,https://www.jumia.com.eg/generic-redmi-watch-3-active-strap-high-quality-silicone-material-black-48933697.html,https://eg.jumia.is/unsafe/fit-in/300x300/filters:fill(white)/product/79/633984/1.jpg?8510
Jumia,"Stainless Steel Strap, Black Color, Compatible With For Apple Watch Series SE, Size 40MM Black",EGP 175.00,56%,No Rating Found,https://www.jumia.com.eg/generic-stainless-steel-strap-black-color-compatible-with-for-apple-watch-series-se-size-40mm-black-103605178.html,https://eg.jumia.is/unsafe/fit-in/300x300/filters:fill(white)/product/87/1506301/1.jpg?4044
Jumia,Huawei Band 6 Screen Protector Film Not Glass - BLACK,EGP 60.00,70%,4.1 out of 5,https://www.jumia.com.eg/honor-band-6-screen-protector-film-not-glass-black-generic-mpg773833.html,https://eg.jumia.is/unsafe/fit-in/300x300/filters:fill(white)/product/76/315532/1.jpg?7907
Jumia,Tentech Smart Watch Band For Xiaomi Mi Band 5/6/7 Silicone Sport Strap Breathable Replacement Wristbands For Xiaomi Mi Band M5/M6/M7 Watch Accessories - Blue & White,EGP 84.00,30%,3.3 out of 5,https://www.jumia.com.eg/generic-tentech-smart-watch-band-for-xiaomi-mi-band-567-silicone-sport-strap-breathable-replacement-wristbands-for-xiaomi-mi-band-m5m6m7-watch-accessories-blue-white-59831413.html,https://eg.jumia.is/unsafe/fit-in/300x300/filters:fill(white)/product/31/413895/1.jpg?8127
Jumia,Huawei Watch GT3 Pro Smart Watch 46mm 22mm Silicone Leather Replacement Strap Watchband - Brown Silver Buckle,EGP 190.00,37%,5 out of 5,https://www.jumia.com.eg/generic-huawei-watch-gt3-pro-smart-watch-46mm-22mm-silicone-leather-replacement-strap-watchband-brown-silver-buckle-34447121.html,https://eg.jumia.is/unsafe/fit-in/300x300/filters:fill(white)/product/12/174443/1.jpg?1628
Jumia,"Metal Stainless Steel Strap 22mm Strap Compatible With Xiaomi Redmi Watch 5 Active/Redmi Watch 5 Lite, 22mm For - Smart Watch Band Bracelet - Black",EGP 180.00,40%,1 out of 5,https://www.jumia.com.eg/generic-metal-stainless-steel-strap-22mm-strap-compatible-with-xiaomi-redmi-watch-5-activeredmi-watch-5-lite-22mm-for-smart-watch-band-bracelet-black-131625356.html,https://eg.jumia.is/unsafe/fit-in/300x300/filters:fill(white)/product/65/3526131/1.jpg?6698
Jumia,Xiaomi Mi Band 5 Replacement Metal Magnetic Stainless Steel Strap - Silver,EGP 245.00,18%,4.5 out of 5,https://www.jumia.com.eg/xiaomi-mi-band-5-replacement-metal-magnetic-stainless-steel-strap-silver-generic-mpg770003.html,https://eg.jumia.is/unsafe/fit-in/300x300/filters:fill(white)/product/33/405832/1.jpg?7145
Jumia,Huawei Band 7 Sport Soft Silcon Replacement Strap - Blue,EGP 110.00,45%,4 out of 5,https://www.jumia.com.eg/generic-huawei-band-7-sport-soft-silcon-replacement-strap-blue-30858023.html,https://eg.jumia.is/unsafe/fit-in/300x300/filters:fill(white)/product/32/085803/1.jpg?5331
Jumia,Replacement Stainless Steel Strap 22mm For Oraimo Watch R OSW23N - Smart WatchSport - Black,EGP 175.00,42%,3.2 out of 5,https://www.jumia.com.eg/replacement-stainless-steel-strap-22mm-for-samsung-gear-s3-frontier-black-generic-mpg782376.html,https://eg.jumia.is/unsafe/fit-in/300x300/filters:fill(white)/product/55/090632/1.jpg?3624
Jumia,"Durable 22mm Band For Samsung Galaxy Watch 3 45-46mm / Gear 3, Nylon Sport Band For Huawei Watch GT3 46mm / GT2E / GT4 46mm / GT2 Pro / GT2 46mm / GTR3 / GTR4 Pro, Alpine Loop Sports Band Ten Tech Knitted Fabric - Yellow & Beige",EGP 134.00,26%,No Rating Found,https://www.jumia.com.eg/generic-durable-22mm-band-for-samsung-galaxy-watch-3-45-46mm-gear-3-nylon-sport-band-for-huawei-watch-gt3-46mm-gt2e-gt4-46mm-gt2-pro-gt2-46mm-gtr3-gtr4-pro-alpine-loop-sports-band-ten-tech-knitted-fabric-yellow-beige-57196320.html,https://eg.jumia.is/unsafe/fit-in/300x300/filters:fill(white)/product/02/369175/1.jpg?5436
Jumia,Band For Mi Band 9 Strap/Mi Band 8 Nylon Sport Replacement Strap Bands With Adjustable Closure - Black,EGP 169.00,No Discount,2.5 out of 5,https://www.jumia.com.eg/generic-band-for-mi-band-9-strapmi-band-8-nylon-sport-replacement-strap-bands-with-adjustable-closure-black-129678215.html,https://eg.jumia.is/unsafe/fit-in/300x300/filters:fill(white)/product/51/2876921/1.jpg?2087
Jumia,Huawei Fit Smart Watch Band Solid Stainless Steel Wrist Watch Band Silver Metal Watch,EGP 175.00,42%,4.5 out of 5,https://www.jumia.com.eg/generic-huawei-fit-smart-watch-band-solid-stainless-steel-wrist-watch-band-silver-metal-watch-26109313.html,https://eg.jumia.is/unsafe/fit-in/300x300/filters:fill(white)/product/31/390162/1.jpg?6689
Jumia,Metal Stainless Steel Strap - Band Bracelet For Smart Watch Classic 42 - 44 - 45 - 49 Mm,EGP 169.00,32%,No Rating Found,https://www.jumia.com.eg/generic-metal-stainless-steel-strap-band-bracelet-for-smart-watch-classic-42-44-45-49-mm-132057583.html,https://eg.jumia.is/unsafe/fit-in/300x300/filters:fill(white)/product/38/5750231/1.jpg?5909
Jumia,Tentech Smart Watch Band For Xiaomi Mi Band 3/4 Silicone Sport Strap Breathable Replacement Wristbands For Xiaomi Mi Band M3/M4 Watch Accessories - Black & Pink,EGP 75.00,32%,3.8 out of 5,https://www.jumia.com.eg/generic-tentech-smart-watch-band-for-xiaomi-mi-band-34-silicone-sport-strap-breathable-replacement-wristbands-for-xiaomi-mi-band-m3m4-watch-accessories-black-pink-59833497.html,https://eg.jumia.is/unsafe/fit-in/300x300/filters:fill(white)/product/79/433895/1.jpg?3864
Jumia,"Metal Watch Band Compatible With Huawei Watch Fit, Huawei Watch Fit New, Huawei Fit Elegant, Stainless Steel Band, Adjustable Replacement Bands For Smart Watch For Men And Women, Stainless Steel By Tentech – Rose Gold",EGP 250.00,29%,No Rating Found,https://www.jumia.com.eg/generic-metal-watch-band-compatible-with-huawei-watch-fit-huawei-watch-fit-new-huawei-fit-elegant-stainless-steel-band-adjustable-replacement-bands-for-smart-watch-for-men-and-women-stainless-steel-by-tentech-rose-gold-105694357.html,https://eg.jumia.is/unsafe/fit-in/300x300/filters:fill(white)/product/75/3496501/1.jpg?2545
Jumia,Tentech Smart Watch Band For Xiaomi Mi Band 8 Sports Silicone Strap Replacement Wristbands For Xiaomi Mi Band 8 Watch Accessories – Black,EGP 130.00,28%,1.5 out of 5,https://www.jumia.com.eg/generic-tentech-smart-watch-band-for-xiaomi-mi-band-8-sports-silicone-strap-replacement-wristbands-for-xiaomi-mi-band-8-watch-accessories-black-105923614.html,https://eg.jumia.is/unsafe/fit-in/300x300/filters:fill(white)/product/41/6329501/1.jpg?8013
Jumia,Metal Stainless Steel Strap 22mm For Xiaomi Watch S1/S1 Active/Mi Watch Band Bracelet - Black,EGP 180.00,40%,No Rating Found,https://www.jumia.com.eg/generic-metal-stainless-steel-strap-22mm-for-xiaomi-watch-s1s1-activemi-watch-band-bracelet-black-59831306.html,https://eg.jumia.is/unsafe/fit-in/300x300/filters:fill(white)/product/60/313895/1.jpg?7896
Jumia,Silicone Replacement Band Compatible With Xiaomi Smart Band 8 Active (Blue),EGP 135.00,33%,4.2 out of 5,https://www.jumia.com.eg/generic-silicone-replacement-band-compatible-with-xiaomi-smart-band-8-active-blue-102190660.html,https://eg.jumia.is/unsafe/fit-in/300x300/filters:fill(white)/product/06/6091201/1.jpg?0968
Jumia,Stainless Steel Watch Band For Apple Watch Ultra 49/45/44/42mm Adjustable Braided Elastic For Series 8/9/7/6/5/4/3/2/1 / SE - Silver,EGP 180.00,40%,No Rating Found,https://www.jumia.com.eg/generic-stainless-steel-watch-band-for-apple-watch-ultra-49454442mm-adjustable-braided-elastic-for-series-897654321-se-silver-118400180.html,https://eg.jumia.is/unsafe/fit-in/300x300/filters:fill(white)/product/08/1004811/1.jpg?3075
Jumia,Strap Metal Stainless Steel 22mm Strap For Oraimo Watch R OSW23N - Smart Watch Sport - Silver,EGP 180.00,40%,No Rating Found,https://www.jumia.com.eg/generic-strap-metal-stainless-steel-22mm-strap-for-oraimo-watch-r-osw23n-smart-watch-sport-silver-59831277.html,https://eg.jumia.is/unsafe/fit-in/300x300/filters:fill(white)/product/77/213895/1.jpg?7899
Jumia,"Honor / Huawei Band 8 Luxury Design Replacement Band Breathable And Waterproof, Stainless Steel Mesh Strap Magnetic Silver",EGP 220.00,27%,5 out of 5,https://www.jumia.com.eg/generic-honor-huawei-band-8-luxury-design-replacement-band-breathable-and-waterproof-stainless-steel-mesh-strap-magnetic-silver-61167529.html,https://eg.jumia.is/unsafe/fit-in/300x300/filters:fill(white)/product/92/576116/1.jpg?0525
Jumia,Replacement Stainless Steel Strap 22mm For Samsung Galaxy Watch 46mm Smart Watch - Black,EGP 125.00,38%,4.3 out of 5,https://www.jumia.com.eg/replacement-stainless-steel-strap-22mm-for-samsung-galaxy-watch-46mm-smart-watch-black-generic-mpg747381.html,https://eg.jumia.is/unsafe/fit-in/300x300/filters:fill(white)/product/62/433832/1.jpg?9223
Jumia,Xiaomi Mi Watch Lite Soft Silicone Replacement Strap With Amazing Design - Black,EGP 130.00,13%,4.3 out of 5,https://www.jumia.com.eg/generic-xiaomi-mi-watch-lite-soft-silicone-replacement-strap-with-amazing-design-black-34082001.html,https://eg.jumia.is/unsafe/fit-in/300x300/filters:fill(white)/product/10/028043/1.jpg?2427
Jumia,Silicone Strap For (Huawei Fit 2) Black,EGP 130.00,35%,4.3 out of 5,https://www.jumia.com.eg/generic-silicone-strap-for-huawei-fit-2-black-30687658.html,https://eg.jumia.is/unsafe/fit-in/300x300/filters:fill(white)/product/85/678603/1.jpg?1137
Jumia,Huawei Band 6 Silicone Strap Black,EGP 135.00,10%,3.7 out of 5,https://www.jumia.com.eg/silicone-straps-smart-watch-belt-wristband-replacement-for-huawei-honor-band-6-black-generic-mpg782552.html,https://eg.jumia.is/unsafe/fit-in/300x300/filters:fill(white)/product/83/835622/1.jpg?4407
Jumia,Tentech Smart Watch Band For Xiaomi Mi Band 5/6/7 Silicone Sport Strap Breathable Replacement Wristbands For Xiaomi Mi Band M5/M6/M7 Watch Accessories - Black & Red,EGP 85.00,29%,3.8 out of 5,https://www.jumia.com.eg/generic-tentech-smart-watch-band-for-xiaomi-mi-band-567-silicone-sport-strap-breathable-replacement-wristbands-for-xiaomi-mi-band-m5m6m7-watch-accessories-black-red-59831415.html,https://eg.jumia.is/unsafe/fit-in/300x300/filters:fill(white)/product/51/413895/1.jpg?7483
Jumia,Huawei Band 8 Sport Soft Silcon Replacement Strap - Black,EGP 125.00,No Discount,3.1 out of 5,https://www.jumia.com.eg/generic-huawei-band-8-sport-soft-silcon-replacement-strap-black-49056005.html,https://eg.jumia.is/unsafe/fit-in/300x300/filters:fill(white)/product/50/065094/1.jpg?6439
Jumia,Silicone Strap Magnetic Folding Buckle For QCY Watch GS / QCY Watch GS2,EGP 164.00,No Discount,No Rating Found,https://www.jumia.com.eg/generic-silicone-strap-magnetic-folding-buckle-for-qcy-watch-gs-qcy-watch-gs2-122454871.html,https://eg.jumia.is/unsafe/fit-in/300x300/filters:fill(white)/product/17/8454221/1.jpg?8636
Jumia,For Huawei Band 6 & Honor Band 6 - Stainless Steel Bracelet Watch Band Strap - Black,EGP 270.00,No Discount,4 out of 5,https://www.jumia.com.eg/generic-for-huawei-band-6-honor-band-6-stainless-steel-bracelet-watch-band-strap-black-54293614.html,https://eg.jumia.is/unsafe/fit-in/300x300/filters:fill(white)/product/41/639245/1.jpg?9871
Jumia,22mm Stainless Steel Metal Watch Band Compatible With Samsung Galaxy Watch 3 45mm / Gear S3 Frontier Classic 22mm / Galaxy Watch 46mm By TenTech - Black & Silver,EGP 245.00,18%,No Rating Found,https://www.jumia.com.eg/generic-22mm-stainless-steel-metal-watch-band-compatible-with-samsung-galaxy-watch-3-45mm-gear-s3-frontier-classic-22mm-galaxy-watch-46mm-by-tentech-black-silver-58256070.html,https://eg.jumia.is/unsafe/fit-in/300x300/filters:fill(white)/product/07/065285/1.jpg?6967
Jumia,TenTech Soft Silicone Sports Band For Xiaomi Watch 2 Lite / Redmi 2 Lite / Poco / Redmi 2 / Horloge 2 Smart Watch - Navy Blue,EGP 105.00,42%,4.7 out of 5,https://www.jumia.com.eg/generic-tentech-soft-silicone-sports-band-for-xiaomi-watch-2-lite-redmi-2-lite-poco-redmi-2-horloge-2-smart-watch-navy-blue-59763776.html,https://eg.jumia.is/unsafe/fit-in/300x300/filters:fill(white)/product/67/736795/1.jpg?0269
Jumia,Honor Band 6 / Huawei Band 6 Soft Silicone Replacement Strap With Amazing Design - Black,EGP 135.00,10%,4.4 out of 5,https://www.jumia.com.eg/generic-honor-band-6-huawei-band-6-soft-silicone-replacement-strap-with-amazing-design-black-34082050.html,https://eg.jumia.is/unsafe/fit-in/300x300/filters:fill(white)/product/05/028043/1.jpg?9384
Jumia,Silicone Replacement Sport Strap For All Watches 22mm - Red,EGP 101.00,19%,4.7 out of 5,https://www.jumia.com.eg/silicone-replacement-sport-strap-for-all-watches-22mm-red-generic-mpg876960.html,https://eg.jumia.is/unsafe/fit-in/300x300/filters:fill(white)/product/80/170072/1.jpg?1646
Jumia,"TenTech Nylon Strap For Xiaomi Mi Band 5/ Mi Band 6, Sports Watch Band For Xiaomi Mi Band 5 And Xiaomi Mi Band 6 Adjustable Replacement - Black",EGP 138.00,31%,3.7 out of 5,https://www.jumia.com.eg/generic-tentech-nylon-strap-for-xiaomi-mi-band-5-mi-band-6-sports-watch-band-for-xiaomi-mi-band-5-and-xiaomi-mi-band-6-adjustable-replacement-black-60052159.html,https://eg.jumia.is/unsafe/fit-in/300x300/filters:fill(white)/product/95/125006/1.jpg?0377
Jumia,"TenTech Smart Watch Strap For Xiaomi Redmi Band 2, Silicone Sport Band, Replacement Wristband, Xiaomi Redmi Smart Band 2 Watch Accessories – Pine Green",EGP 110.00,21%,No Rating Found,https://www.jumia.com.eg/generic-tentech-smart-watch-strap-for-xiaomi-redmi-band-2-silicone-sport-band-replacement-wristband-xiaomi-redmi-smart-band-2-watch-accessories-pine-green-58890642.html,https://eg.jumia.is/unsafe/fit-in/300x300/filters:fill(white)/product/24/609885/1.jpg?6689
Jumia,MC66 Smart Watch 7,EGP 399.00,60%,No Rating Found,https://www.jumia.com.eg/generic-mc66-smart-watch-7-132998925.html,https://eg.jumia.is/unsafe/fit-in/300x300/filters:fill(white)/product/52/9899231/1.jpg?0894
Jumia,"Glitter Diamond Case For Huawei Watch Fit 3 Protective Case Women, Hard PC Case Lightweight Full Protection Replacement Case For Huawei Watch Fit3 Clear",EGP 175.00,30%,1 out of 5,https://www.jumia.com.eg/generic-glitter-diamond-case-for-huawei-watch-fit-3-protective-case-women-hard-pc-case-lightweight-full-protection-replacement-case-for-huawei-watch-fit3-clear-132979373.html,https://eg.jumia.is/unsafe/fit-in/300x300/filters:fill(white)/product/37/3979231/1.jpg?3530
Jumia,Magnetic Charging Cable For Amafit Pop 3R Smart Watch Black,EGP 160.00,20%,2.3 out of 5,https://www.jumia.com.eg/generic-magnetic-charging-cable-for-amafit-pop-3r-smart-watch-black-116109492.html,https://eg.jumia.is/unsafe/fit-in/300x300/filters:fill(white)/product/29/4901611/1.jpg?8364
Jumia,Huawei Watch GT4 46mm Anti-Scratch HD Clear Soft Film Screen Protector,EGP 69.00,No Discount,4.3 out of 5,https://www.jumia.com.eg/generic-huawei-watch-gt4-46mm-anti-scratch-hd-clear-soft-film-screen-protector-104728710.html,https://eg.jumia.is/unsafe/fit-in/300x300/filters:fill(white)/product/01/7827401/1.jpg?4472
Jumia,TenTech Soft Silicone Sports Band For Xiaomi Watch 2 Lite / Redmi 2 Lite / Poco / Redmi 2 / Horloge 2 Smart Watch - Black,EGP 110.00,39%,4.1 out of 5,https://www.jumia.com.eg/generic-tentech-soft-silicone-sports-band-for-xiaomi-watch-2-lite-redmi-2-lite-poco-redmi-2-horloge-2-smart-watch-black-59763483.html,https://eg.jumia.is/unsafe/fit-in/300x300/filters:fill(white)/product/38/436795/1.jpg?9925
Jumia,Xiaomi Mi Watch 2 Lite Soft Silicone Replacement Strap With Amazing Design - Black,EGP 120.00,40%,4.4 out of 5,https://www.jumia.com.eg/generic-xiaomi-mi-watch-2-lite-soft-silicone-replacement-strap-with-amazing-design-black-67771471.html,https://eg.jumia.is/unsafe/fit-in/300x300/filters:fill(white)/product/17/417776/1.jpg?7167
Jumia,Top Store Case Compatible with Huawei Watch Fit 3 (2024) Protective Case Flexible TPU Screen Protector Case Scratch-Resistant Cover Protective Case for Huawei Watch Fit 3 Smartwatch (Black),EGP 125.00,50%,3.3 out of 5,https://www.jumia.com.eg/generic-top-store-case-compatible-with-huawei-watch-fit-3-2024-protective-case-flexible-tpu-screen-protector-case-scratch-resistant-cover-protective-case-for-huawei-watch-fit-3-smartwatch-black-126488527.html,https://eg.jumia.is/unsafe/fit-in/300x300/filters:fill(white)/product/72/5884621/1.jpg?4586
Jumia,Sport Silicone Strap For Huawei Watch Fit 3 (2024) Bracelet Pink,EGP 125.00,38%,4.9 out of 5,https://www.jumia.com.eg/generic-sport-silicone-strap-for-huawei-watch-fit-3-2024-bracelet-pink-107796777.html,https://eg.jumia.is/unsafe/fit-in/300x300/filters:fill(white)/product/77/7697701/1.jpg?6379
Jumia,For Xiaomi Mi Band 6 Solid Color Silicone Replacement Strap Watchband(Black),EGP 110.00,21%,4.5 out of 5,https://www.jumia.com.eg/for-xiaomi-mi-band-6-solid-color-silicone-replacement-strap-watchbandblack-generic-mpg3818801.html,https://eg.jumia.is/unsafe/fit-in/300x300/filters:fill(white)/product/00/625072/1.jpg?0601
Jumia,"Link Pin Remover, Watch Pin Removal Tool,Watch Band Strap Adjuster,Watch Tool Kit Link Remover, Repair Tool For Watch Band Replacement And Resizing, Adjustable Repair Tool Ki",EGP 125.00,43%,4 out of 5,https://www.jumia.com.eg/generic-link-pin-remover-watch-pin-removal-toolwatch-band-strap-adjusterwatch-tool-kit-link-remover-repair-tool-for-watch-band-replacement-and-resizing-adjustable-repair-tool-ki-61167547.html,https://eg.jumia.is/unsafe/fit-in/300x300/filters:fill(white)/product/74/576116/1.jpg?0597
Jumia,22mm Silicone Leather Replacement Strap Watchband For Huawei Watch GT4 Pro/GT4 46mm/GT Runner/Watch 4 Pro/Watch 4 Wristband Strap Replacement Bracelet For Huawei GT 3 46mm/GT 2 Pro - Camel Silver Buckle,EGP 190.00,37%,4.4 out of 5,https://www.jumia.com.eg/generic-22mm-silicone-leather-replacement-strap-watchband-for-huawei-watch-gt4-progt4-46mmgt-runnerwatch-4-prowatch-4-wristband-strap-replacement-bracelet-for-huawei-gt-3-46mmgt-2-pro-camel-silver-buckle-59831296.html,https://eg.jumia.is/unsafe/fit-in/300x300/filters:fill(white)/product/69/213895/1.jpg?7897
Jumia,Xiaomi Mibro Lite 2 Anti-Scratch HD Clear Soft Film Screen Protector,EGP 99.00,No Discount,5 out of 5,https://www.jumia.com.eg/generic-xiaomi-mibro-lite-2-anti-scratch-hd-clear-soft-film-screen-protector-104728844.html,https://eg.jumia.is/unsafe/fit-in/300x300/filters:fill(white)/product/44/8827401/1.jpg?4721
Jumia,Huawei Watch Fit 3 (Not Tempered Glass) Anti-Scratch HD Clear Soft Glass Film Screen Protector,EGP 75.00,No Discount,No Rating Found,https://www.jumia.com.eg/generic-huawei-watch-fit-3-not-tempered-glass-anti-scratch-hd-clear-soft-glass-film-screen-protector-133533787.html,https://eg.jumia.is/unsafe/fit-in/300x300/filters:fill(white)/product/78/7335331/1.jpg?7982
Jumia,"Metal Stainless Steel Strap 22mm Strap Compatible With Xiaomi Redmi Watch 5 Active/Redmi Watch 5 Lite, 22mm For - Smart Watch Band Bracelet - Silver",EGP 180.00,40%,5 out of 5,https://www.jumia.com.eg/generic-metal-stainless-steel-strap-22mm-strap-compatible-with-xiaomi-redmi-watch-5-activeredmi-watch-5-lite-22mm-for-smart-watch-band-bracelet-silver-131625362.html,https://eg.jumia.is/unsafe/fit-in/300x300/filters:fill(white)/product/26/3526131/1.jpg?6703
Jumia,"Soft Silicone Replacement Strap for Xiaomi Redmi Watch 3 Lite and Redmi Watch 3 Active -Go Shopping – Classic, Breathable & Adjustable Sports Band – Black",EGP 120.00,40%,No Rating Found,https://www.jumia.com.eg/generic-soft-silicone-replacement-strap-for-xiaomi-redmi-watch-3-lite-and-redmi-watch-3-active-go-shopping-classic-breathable-adjustable-sports-band-black-133045970.html,https://eg.jumia.is/unsafe/fit-in/300x300/filters:fill(white)/product/07/9540331/1.jpg?9429
Jumia,Tentech Strap Silicone Band For Xiaomi Mi Band 7/6 / 5 Breathable Strap Replacement For M5 M6 M7 Bracelet For Xiaomi MiBand 7 6 5 Smart Watch - Dark Blue,EGP 82.00,25%,4.2 out of 5,https://www.jumia.com.eg/generic-tentech-strap-silicone-band-for-xiaomi-mi-band-76-5-breathable-strap-replacement-for-m5-m6-m7-bracelet-for-xiaomi-miband-7-6-5-smart-watch-dark-blue-59754735.html,https://eg.jumia.is/unsafe/fit-in/300x300/filters:fill(white)/product/53/745795/1.jpg?0344
Jumia,Apple Watch Ultra 45 Mm Bling Diamond Case PC Bumper Protective Cases Women,EGP 74.00,51%,No Rating Found,https://www.jumia.com.eg/generic-apple-watch-ultra-45-mm-bling-diamond-case-pc-bumper-protective-cases-women-120595631.html,https://eg.jumia.is/unsafe/fit-in/300x300/filters:fill(white)/product/13/6595021/1.jpg?4292
Jumia,22mm Silicone Strap With Magnetic Folding Buckle For Smart Watch Amazfit Pop 3R - Black,EGP 155.00,48%,No Rating Found,https://www.jumia.com.eg/generic-22mm-silicone-strap-with-magnetic-folding-buckle-for-smart-watch-amazfit-pop-3r-black-114592581.html,https://eg.jumia.is/unsafe/fit-in/300x300/filters:fill(white)/product/18/5295411/1.jpg?3969
Jumia,"TenTech Smart Watch Strap For Xiaomi Redmi Band 2, Silicone Sport Band, Replacement Wristband, Xiaomi Redmi Smart Band 2 Watch Accessories – White",EGP 110.00,21%,3.3 out of 5,https://www.jumia.com.eg/generic-tentech-smart-watch-strap-for-xiaomi-redmi-band-2-silicone-sport-band-replacement-wristband-xiaomi-redmi-smart-band-2-watch-accessories-white-58890638.html,https://eg.jumia.is/unsafe/fit-in/300x300/filters:fill(white)/product/83/609885/1.jpg?6689
Jumia,"Magnetic Charging Cable For Orimo Watches OSW-16, OSW-16P, OSW-22N. Smart Watch Black",EGP 160.00,20%,3.9 out of 5,https://www.jumia.com.eg/generic-magnetic-charging-cable-for-orimo-watches-osw-16-osw-16p-osw-22n.-smart-watch-black-39920994.html,https://eg.jumia.is/unsafe/fit-in/300x300/filters:fill(white)/product/49/902993/1.jpg?8106
Jumia,Charger For Huawei Fit Mini Replacement USB Charger Charging Cable 100cm (White),EGP 130.00,35%,No Rating Found,https://www.jumia.com.eg/generic-charger-for-huawei-fit-mini-replacement-usb-charger-charging-cable-100cm-white-44984352.html,https://eg.jumia.is/unsafe/fit-in/300x300/filters:fill(white)/product/25/348944/1.jpg?4401
Jumia,"TenTech Nylon Strap For Xiaomi Mi Band 5/ Mi Band 6, Sports Watch Band For Xiaomi Mi Band 5 And Xiaomi Mi Band 6 Adjustable Replacement - Black",EGP 138.00,31%,3.7 out of 5,https://www.jumia.com.eg/generic-tentech-nylon-strap-for-xiaomi-mi-band-5-mi-band-6-sports-watch-band-for-xiaomi-mi-band-5-and-xiaomi-mi-band-6-adjustable-replacement-black-60052159.html,https://eg.jumia.is/unsafe/fit-in/300x300/filters:fill(white)/product/95/125006/1.jpg?0377
Jumia,Soft Silicone Protective Case Cover For Redmi Watch 5 Active (Rosegold),EGP 120.00,20%,No Rating Found,https://www.jumia.com.eg/generic-soft-silicone-protective-case-cover-for-redmi-watch-5-active-rosegold-130969791.html,https://eg.jumia.is/unsafe/fit-in/300x300/filters:fill(white)/product/19/7969031/1.jpg?8795
Jumia,Magnetic Replacement USB Charging Station Cable For Smartwatch Redmi Watch 3 Active,EGP 180.00,10%,5 out of 5,https://www.jumia.com.eg/generic-magnetic-replacement-usb-charging-station-cable-for-smartwatch-redmi-watch-3-active-49464903.html,https://eg.jumia.is/unsafe/fit-in/300x300/filters:fill(white)/product/30/946494/1.jpg?0580
Jumia,"TenTech Smart Watch Strap For Xiaomi Redmi Band 2, Silicone Sport Band, Replacement Wristband, Xiaomi Redmi Smart Band 2 Watch Accessories – Pine Green",EGP 110.00,21%,No Rating Found,https://www.jumia.com.eg/generic-tentech-smart-watch-strap-for-xiaomi-redmi-band-2-silicone-sport-band-replacement-wristband-xiaomi-redmi-smart-band-2-watch-accessories-pine-green-58890642.html,https://eg.jumia.is/unsafe/fit-in/300x300/filters:fill(white)/product/24/609885/1.jpg?6689
Jumia,Apple Watch screen protector-Compatible with Series 10 46mm Full Coverage Hard PC Ultra-Thin Full Protection (46mm -BLACK),EGP 155.00,38%,No Rating Found,https://www.jumia.com.eg/generic-apple-watch-screen-protector-compatible-with-series-10-46mm-full-coverage-hard-pc-ultra-thin-full-protection-46mm-black-130126600.html,https://eg.jumia.is/unsafe/fit-in/300x300/filters:fill(white)/product/00/6621031/1.jpg?5005
Jumia,"2 In 1 Apple Watch Charger Cable,iPhone And IWatch Magnetic Fast Charging Cable Compatible With Apple Watch Series 8 7 6 5 4 3 2 1",EGP 320.00,20%,3.7 out of 5,https://www.jumia.com.eg/generic-2-in-1-apple-watch-charger-cableiphone-and-iwatch-magnetic-fast-charging-cable-compatible-with-apple-watch-series-8-7-6-5-4-3-2-1-58890444.html,https://eg.jumia.is/unsafe/fit-in/300x300/filters:fill(white)/product/44/409885/1.jpg?6513
Jumia,Charger For Xiaomi Mi Watch 2 Lite Bands USB Charging Data,EGP 180.00,10%,3.6 out of 5,https://www.jumia.com.eg/generic-charger-for-xiaomi-mi-watch-2-lite-bands-usb-charging-data-30858131.html,https://eg.jumia.is/unsafe/fit-in/300x300/filters:fill(white)/product/13/185803/1.jpg?5326
Jumia,For Huawei Band 6 & Honor Band 6 - Stainless Steel Bracelet Watch Band Strap - Black,EGP 270.00,No Discount,4 out of 5,https://www.jumia.com.eg/generic-for-huawei-band-6-honor-band-6-stainless-steel-bracelet-watch-band-strap-black-54293614.html,https://eg.jumia.is/unsafe/fit-in/300x300/filters:fill(white)/product/41/639245/1.jpg?9871
Jumia,22mm Silicone Leather Replacement Strap Watchband For Xiaomi Amazfit GTR3 GTR 4 / GT R2 / GTR2E- Sport - Brown Silver Buckle,EGP 185.00,38%,4 out of 5,https://www.jumia.com.eg/generic-22mm-silicone-leather-replacement-strap-watchband-for-xiaomi-amazfit-gtr3-gtr-4-gt-r2-gtr2e-sport-brown-silver-buckle-31251158.html,https://eg.jumia.is/unsafe/fit-in/300x300/filters:fill(white)/product/85/115213/1.jpg?6276
Jumia,Trail Loop Strap For Samsung Galaxy Watch 7 Ultra 47mm Nylon No Gap Strap - Black,EGP 150.00,40%,No Rating Found,https://www.jumia.com.eg/generic-trail-loop-strap-for-samsung-galaxy-watch-7-ultra-47mm-nylon-no-gap-strap-black-117534689.html,https://eg.jumia.is/unsafe/fit-in/300x300/filters:fill(white)/product/98/6435711/1.jpg?1884
Jumia,"Durable 22mm Band For Samsung Galaxy Watch 3 45-46mm / Gear 3, Nylon Sport Band For Huawei Watch GT3 46mm / GT2E / GT4 46mm / GT2 Pro / GT2 46mm / GTR3 / GTR4 Pro, Alpine Loop Sports Band Ten Tech Knitted Fabric - Black",EGP 115.00,36%,3.6 out of 5,https://www.jumia.com.eg/generic-durable-22mm-band-for-samsung-galaxy-watch-3-45-46mm-gear-3-nylon-sport-band-for-huawei-watch-gt3-46mm-gt2e-gt4-46mm-gt2-pro-gt2-46mm-gtr3-gtr4-pro-alpine-loop-sports-band-ten-tech-knitted-fabric-black-57196435.html,https://eg.jumia.is/unsafe/fit-in/300x300/filters:fill(white)/product/53/469175/1.jpg?5433
Jumia,Sport Silicone Strap For Huawei Watch Fit 4 Pro (2025) Bracelet ivory,EGP 135.00,10%,5 out of 5,https://www.jumia.com.eg/generic-sport-silicone-strap-for-huawei-watch-fit-4-pro-2025-bracelet-ivory-133385785.html,https://eg.jumia.is/unsafe/fit-in/300x300/filters:fill(white)/product/58/7583331/1.jpg?5783
Jumia,"Samsung Gear S3 Watch Charger, S4 S2 Wireless Charging Cradle Dock For Classic/Frontier Smartwatch",EGP 299.00,No Discount,No Rating Found,https://www.jumia.com.eg/generic-samsung-gear-s3-watch-charger-s4-s2-wireless-charging-cradle-dock-for-classicfrontier-smartwatch-132531158.html,https://eg.jumia.is/unsafe/fit-in/300x300/filters:fill(white)/product/85/1135231/1.jpg?2583
Jumia,Sport Silicone Strap For Huawei Watch Fit 3 (2024) Bracelet White,EGP 130.00,35%,5 out of 5,https://www.jumia.com.eg/generic-sport-silicone-strap-for-huawei-watch-fit-3-2024-bracelet-white-107796774.html,https://eg.jumia.is/unsafe/fit-in/300x300/filters:fill(white)/product/47/7697701/1.jpg?6377
Jumia,Strap Silicone Band For Xiaomi Mi Band 3/4 Breathable Strap Replacement For M3 M4 Bracelet For Xiaomi MiBand 4 3 Smart Watch Black,EGP 85.00,43%,3.5 out of 5,https://www.jumia.com.eg/generic-strap-silicone-band-for-xiaomi-mi-band-34-breathable-strap-replacement-for-m3-m4-bracelet-for-xiaomi-miband-4-3-smart-watch-black-52904031.html,https://eg.jumia.is/unsafe/fit-in/300x300/filters:fill(white)/product/13/040925/1.jpg?8426
Jumia,"Bracelet Compatible With Huawei Watch Fit 2, Metal Woven Stainless Steel Magnetic (Dark Black)",EGP 145.00,52%,3.8 out of 5,https://www.jumia.com.eg/generic-bracelet-compatible-with-huawei-watch-fit-2-metal-woven-stainless-steel-magnetic-dark-black-58199437.html,https://eg.jumia.is/unsafe/fit-in/300x300/filters:fill(white)/product/73/499185/1.jpg?2264
Jumia,Metal Stainless Steel 22mm Strap For Huawei Watch GT4 Pro/GT4 46mm/GT Runner/Watch 4 Pro/Watch 4 Wristband Strap Replacement Bracelet For Huawei GT 3 46mm/GT 2 Pro Strap Sport Band Bracelet - Black,EGP 180.00,40%,3.6 out of 5,https://www.jumia.com.eg/generic-metal-stainless-steel-22mm-strap-for-huawei-watch-gt4-progt4-46mmgt-runnerwatch-4-prowatch-4-wristband-strap-replacement-bracelet-for-huawei-gt-3-46mmgt-2-pro-strap-sport-band-bracelet-black-59831295.html,https://eg.jumia.is/unsafe/fit-in/300x300/filters:fill(white)/product/59/213895/1.jpg?7897
Jumia,Xiaomi Redmi Watch 3 Active Soft Silicone Replacement Strap With Amazing Design - Black / White,EGP 120.00,No Discount,No Rating Found,https://www.jumia.com.eg/generic-xiaomi-redmi-watch-3-active-soft-silicone-replacement-strap-with-amazing-design-black-white-133563755.html,https://eg.jumia.is/unsafe/fit-in/300x300/filters:fill(white)/product/55/7365331/1.jpg?6158
Jumia,"Soft Silicone Sport Band For Huawei Fit 2 Breathable, Ultra Soft Waterproof Durable Adjustable Wristband By Tentech – Pink",EGP 140.00,22%,No Rating Found,https://www.jumia.com.eg/generic-soft-silicone-sport-band-for-huawei-fit-2-breathable-ultra-soft-waterproof-durable-adjustable-wristband-by-tentech-pink-105694372.html,https://eg.jumia.is/unsafe/fit-in/300x300/filters:fill(white)/product/27/3496501/1.jpg?2545
Jumia,Protective Case Compatible With Huawei / Honor Band 8TPU Case Cover Screen Protector (Rosegold),"EGP 3,000.00",No Discount,No Rating Found,https://www.jumia.com.eg/generic-protective-case-compatible-with-huawei-honor-band-8tpu-case-cover-screen-protector-rosegold-117877188.html,https://eg.jumia.is/unsafe/fit-in/300x300/filters:fill(white)/product/88/1778711/1.jpg?7965
Jumia,Magnetic Charging Cable For Kieslect Ks Pro Smart Watch - Black,EGP 160.00,20%,No Rating Found,https://www.jumia.com.eg/generic-magnetic-charging-cable-for-kieslect-ks-pro-smart-watch-black-132912108.html,https://eg.jumia.is/unsafe/fit-in/300x300/filters:fill(white)/product/80/1219231/1.jpg?2603
Jumia,Metal Stainless Steel Strap 22mm For Huawei Watch GT4 Max Smart Watch 46mm Band Bracelet- Silver,EGP 170.00,43%,3.7 out of 5,https://www.jumia.com.eg/generic-metal-stainless-steel-strap-22mm-for-huawei-watch-gt4-max-smart-watch-46mm-band-bracelet-silver-59831270.html,https://eg.jumia.is/unsafe/fit-in/300x300/filters:fill(white)/product/07/213895/1.jpg?7900
Jumia,"Silicone Watch Band 22mm For Samsung Galaxy Watch 3 45-46mm / Gear 3, Waterproof Soft Silicone Sport Band For Huawei Watch GT3 46mm / GT2E / GT 46mm / GT2 Pro / GT2 46mm / Honor Magic Watch 2 Pro 46mm / Amazfit 3 / GTR3 / GTR4 Pro, By Tentec - Pink",EGP 130.00,No Discount,5 out of 5,https://www.jumia.com.eg/generic-silicone-watch-band-22mm-for-samsung-galaxy-watch-3-45-46mm-gear-3-waterproof-soft-silicone-sport-band-for-huawei-watch-gt3-46mm-gt2e-gt-46mm-gt2-pro-gt2-46mm-honor-magic-watch-2-pro-46mm-amazfit-3-gtr3-gtr4-pro-by-tentec-pink-56662953.html,https://eg.jumia.is/unsafe/fit-in/300x300/filters:fill(white)/product/35/926665/1.jpg?8740
Jumia,Honor Band 6 Anti-Scratch HD Clear Soft Glass Film Screen Protector,EGP 70.00,53%,4.5 out of 5,https://www.jumia.com.eg/honor-band-6-anti-scratch-hd-clear-soft-glass-film-screen-protector-generic-mpg822952.html,https://eg.jumia.is/unsafe/fit-in/300x300/filters:fill(white)/product/93/006322/1.jpg?7638
Jumia,"Sport Band Strap For Samsung Galaxy Watch 3 45mm / Samsung Gear S3 Frontier Classic, 22mm Soft Silicone Metal Buckle Replacement Bands Sports For Galaxy Watch 46mm",EGP 125.00,37%,3 out of 5,https://www.jumia.com.eg/generic-sport-band-strap-for-samsung-galaxy-watch-3-45mm-samsung-gear-s3-frontier-classic-22mm-soft-silicone-metal-buckle-replacement-bands-sports-for-galaxy-watch-46mm-59831461.html,https://eg.jumia.is/unsafe/fit-in/300x300/filters:fill(white)/product/16/413895/1.jpg?8667
Jumia,"TenTech Smart Watch Strap For Xiaomi Redmi Band 2, Silicone Sport Band, Replacement Wristband, Xiaomi Redmi Smart Band 2 Watch Accessories – Navy Blue",EGP 110.00,21%,3.7 out of 5,https://www.jumia.com.eg/generic-tentech-smart-watch-strap-for-xiaomi-redmi-band-2-silicone-sport-band-replacement-wristband-xiaomi-redmi-smart-band-2-watch-accessories-navy-blue-58890649.html,https://eg.jumia.is/unsafe/fit-in/300x300/filters:fill(white)/product/94/609885/1.jpg?6689
Jumia,Replacement Metal Strap Compatible With Apple Watch Band 42-44-45-49Mm,EGP 400.00,No Discount,4.8 out of 5,https://www.jumia.com.eg/generic-replacement-metal-strap-compatible-with-apple-watch-band-42-44-45-49mm-51446391.html,https://eg.jumia.is/unsafe/fit-in/300x300/filters:fill(white)/product/19/364415/1.jpg?2857
Jumia,Tentech Sport Silicone Band 22mm Suitable For Huawei Watch 3/3 Pro/GT2 Pro/GT2e/GT2/GT 46mm - Samsung S3 And S4 46mm - Watch Active 2 44mm - Watch 3 45mm - Honor Magic 2 46mm - Navy Blue,EGP 160.00,6%,5 out of 5,https://www.jumia.com.eg/generic-tentech-sport-silicone-band-22mm-suitable-for-huawei-watch-33-progt2-progt2egt2gt-46mm-samsung-s3-and-s4-46mm-watch-active-2-44mm-watch-3-45mm-honor-magic-2-46mm-navy-blue-58890633.html,https://eg.jumia.is/unsafe/fit-in/300x300/filters:fill(white)/product/33/609885/1.jpg?6691
Jumia,"TenTech Smart Watch Strap For Xiaomi Redmi Band 2, Silicone Sport Band, Replacement Wristband, Xiaomi Redmi Smart Band 2 Watch Accessories – Beige",EGP 115.00,18%,5 out of 5,https://www.jumia.com.eg/generic-tentech-smart-watch-strap-for-xiaomi-redmi-band-2-silicone-sport-band-replacement-wristband-xiaomi-redmi-smart-band-2-watch-accessories-beige-58890643.html,https://eg.jumia.is/unsafe/fit-in/300x300/filters:fill(white)/product/34/609885/1.jpg?6689
Jumia,"Tin Tech With Apple Watch Series Ultra/Ultra 2 Band 49mm 45mm 44mm 42mm, Nylon Sports Trail Loop Band For Apple Watch Ultra/SE 1/2/3/4/5/6/7/ 8, – Gray / Blue",EGP 125.00,54%,2.7 out of 5,https://www.jumia.com.eg/generic-tin-tech-with-apple-watch-series-ultraultra-2-band-49mm-45mm-44mm-42mm-nylon-sports-trail-loop-band-for-apple-watch-ultrase-1234567-8-gray-blue-53512955.html,https://eg.jumia.is/unsafe/fit-in/300x300/filters:fill(white)/product/55/921535/1.jpg?2696
Jumia,Quick Release Stainless Steel Metal Replacement Straps 20mm Compatible With Xiaomi Huami Amazfit Bip Younth Smartwatch -Black,EGP 180.00,40%,No Rating Found,https://www.jumia.com.eg/generic-quick-release-stainless-steel-metal-replacement-straps-20mm-compatible-with-xiaomi-huami-amazfit-bip-younth-smartwatch-black-60328486.html,https://eg.jumia.is/unsafe/fit-in/300x300/filters:fill(white)/product/68/482306/1.jpg?0085
Jumia,TenTech Soft Silicone Sports Band For Xiaomi Watch 2 Lite / Redmi 2 Lite / Poco / Redmi 2 / Horloge 2 Smart Watch – Black&Blue,EGP 132.00,27%,3.7 out of 5,https://www.jumia.com.eg/generic-tentech-soft-silicone-sports-band-for-xiaomi-watch-2-lite-redmi-2-lite-poco-redmi-2-horloge-2-smart-watch-blackblue-106298079.html,https://eg.jumia.is/unsafe/fit-in/300x300/filters:fill(white)/product/97/0892601/1.jpg?3504
Jumia,"Pack of 2 Screen Protectors for Apple Watch Series 10 46 mm, Anti-Scratch Ultra Clear Anti-Oil Extremely Robust Apple Watch 10 46 mm Protective Glass, 3D Full Screen Tempered Glass Screen",EGP 200.00,20%,5 out of 5,https://www.jumia.com.eg/generic-pack-of-2-screen-protectors-for-apple-watch-series-10-46-mm-anti-scratch-ultra-clear-anti-oil-extremely-robust-apple-watch-10-46-mm-protective-glass-3d-full-screen-tempered-glass-screen-130115920.html,https://eg.jumia.is/unsafe/fit-in/300x300/filters:fill(white)/product/02/9511031/1.jpg?1228
Jumia,Silicone Band Strap For Xiaomi Mi Watch Lite / For Redmi Watch Strap SmartBand Sport WristBand Bracelet Replacement Belt ( Multi Color ),EGP 135.00,61%,5 out of 5,https://www.jumia.com.eg/generic-silicone-band-strap-for-xiaomi-mi-watch-lite-for-redmi-watch-strap-smartband-sport-wristband-bracelet-replacement-belt-multi-color-75075196.html,https://eg.jumia.is/unsafe/fit-in/300x300/filters:fill(white)/product/69/157057/1.jpg?5920
Jumia,Sport Silicone Strap For Huawei Watch Fit 4 Pro (2025) Bracelet White,EGP 130.00,13%,5 out of 5,https://www.jumia.com.eg/generic-sport-silicone-strap-for-huawei-watch-fit-4-pro-2025-bracelet-white-133391726.html,https://eg.jumia.is/unsafe/fit-in/300x300/filters:fill(white)/product/62/7193331/1.jpg?1503
Jumia,Huawei Band 6 & Honor Band 6 Sport Silcon Strap - Light Purple,EGP 120.00,20%,4.3 out of 5,https://www.jumia.com.eg/generic-huawei-band-6-honor-band-6-sport-silcon-strap-light-purple-30925005.html,https://eg.jumia.is/unsafe/fit-in/300x300/filters:fill(white)/product/50/052903/1.jpg?8429
Jumia,Replacement Silicone Sport Strap 22mm For Huawei GT 3 46MM 2022 - Black,EGP 120.00,19%,5 out of 5,https://www.jumia.com.eg/generic-replacement-silicone-sport-strap-22mm-for-huawei-gt-3-46mm-2022-black-34707007.html,https://eg.jumia.is/unsafe/fit-in/300x300/filters:fill(white)/product/70/070743/1.jpg?9708
Jumia,Silicone Watch Band Compatible with Xiaomi Redmi Watch 4 Sport Silicone Wrist Strap Wristband for Redmi Watch 4 Black,EGP 125.00,17%,No Rating Found,https://www.jumia.com.eg/generic-silicone-watch-band-compatible-with-xiaomi-redmi-watch-4-sport-silicone-wrist-strap-wristband-for-redmi-watch-4-black-133391721.html,https://eg.jumia.is/unsafe/fit-in/300x300/filters:fill(white)/product/12/7193331/1.jpg?5000
Jumia,Silicone Replacement Strap 22mm For Xiaomi Watch S1/S1 Active/Mi Watch - Black,EGP 120.00,40%,4.6 out of 5,https://www.jumia.com.eg/generic-silicone-replacement-strap-22mm-for-xiaomi-watch-s1s1-activemi-watch-black-46393864.html,https://eg.jumia.is/unsafe/fit-in/300x300/filters:fill(white)/product/46/839364/1.jpg?9133
Jumia,TenTech Soft Silicone Sports Band For Xiaomi Watch 2 Lite / Redmi 2 Lite / Poco / Redmi 2 / Horloge 2 Smart Watch - Beige,EGP 105.00,42%,4 out of 5,https://www.jumia.com.eg/generic-tentech-soft-silicone-sports-band-for-xiaomi-watch-2-lite-redmi-2-lite-poco-redmi-2-horloge-2-smart-watch-beige-59763486.html,https://eg.jumia.is/unsafe/fit-in/300x300/filters:fill(white)/product/68/436795/1.jpg?9923
